{
    "source_name": "MySourceName",
    "admin_name": "FirstName LastName",
    "tap_id": "tap-{{ cookiecutter.source_name.lower() }}",
    "library_name": "{{ cookiecutter.tap_id.replace('-', '_') }}",
    "stream_type": [
        "REST",
        "GraphQL",
        "SQL",
        "Other"
    ],
    "auth_method": [
        "API Key",
        "Bearer Token",
        "Basic Auth",
        "OAuth2",
        "JWT",
        "Custom or N/A"
    ],
    "include_cicd_sample_template": [
        "GitHub",
        "None (Skip)"
    ]
}
